feed_path,category,source,title,last_fetched,item_count,latest_status,feed_url
data/news/africa/bbc/news-africa-bbc,news-africa,bbc,bbc - BBC News Africa,2026-07-20T23:13,31,ok,http://feeds.bbci.co.uk/news/world/africa/rss.xml
data/news/africa/nyt/news-africa-nyt,news-africa,nyt,nyt - Africa News from the New York Times,2026-07-20T23:13,20,ok,https://rss.nytimes.com/services/xml/rss/nyt/Africa.xml
data/news/americas/nyt/news-americas-nyt,news-americas,nyt,nyt - Americas' News from the New York Times,2026-07-20T23:13,38,ok,https://rss.nytimes.com/services/xml/rss/nyt/Americas.xml
data/news/asia/bbc/news-asia-bbc,news-asia,bbc,bbc - BBC News Asia,2026-07-20T23:13,18,ok,http://feeds.bbci.co.uk/news/world/asia/rss.xml
data/news/asia/dw/news-asia-dw,news-asia,dw,dw - Asia News from Deutsche Welle,2026-07-20T23:13,10,ok,https://rss.dw.com/rdf/rss-en-asia
data/news/asia/nyt/news-asia-nyt,news-asia,nyt,nyt - Asia News from the New York Times,2026-07-20T23:13,20,ok,https://rss.nytimes.com/services/xml/rss/nyt/AsiaPacific.xml
data/news/business/bbc/news-business-bbc,news-business,bbc,bbc - BBC News Business,2026-07-20T23:13,55,ok,https://feeds.bbci.co.uk/news/business/rss.xml
data/news/business/chitri/news-business-chi-tribune,news-business,chitri,chitri - Business News from the Chicago Tribune,2026-07-20T23:13,100,ok,"https://www.chicagotribune.com/wp-json/wp/v2/posts?categories=68&per_page=100&_fields=date_gmt,link,title"
data/news/business/dw/news-business-dw,news-business,dw,dw - Business News from Deutsche Welle,2026-07-20T23:13,20,ok,https://rss.dw.com/rdf/rss-en-bus
data/news/business/latimes/latimes-business,news-business,latimes,latimes - Business News from the Los Angeles Times,2026-07-20T23:13,96,ok,https://www.latimes.com/business/rss2.0.xml
data/news/business/nypost/news-business-nypost,news-business,nypost,nypost - Business News from the New York Post,2026-07-20T23:13,20,ok,https://nypost.com/business/feed/
data/news/business/nyt/news-business-nyt,news-business,nyt,nyt - Business News from the New York Times,2026-07-20T23:13,49,ok,https://rss.nytimes.com/services/xml/rss/nyt/Business.xml
data/news/business/startribune/news-us-business-startribune,news-business,startribune,startribune - Business News from the Star Tribune,2026-07-20T23:13,10,ok,https://www.startribune.com/rss?sf=1&s=%2F
data/news/business/toi/news-business-toi,news-business,toi,"'toi - Latest Business News Today: Stock Markets, Financial News, India Business",2026-07-20T23:13,20,ok,http://timesofindia.indiatimes.com/rssfeeds/1898055.cms
data/news/business/wapo/news-business-wapo,news-business,wapo,wapo - Business News from the Washington Post,2026-07-20T23:13,2,ok,http://feeds.washingtonpost.com/rss/business
data/news/business/wsj/news-business-wsj,news-business,wsj,wsj - US Business News from the Wall Street Journal,2026-07-20T23:13,85,ok,https://feeds.content.dowjones.io/public/rss/WSJcomUSBusiness
data/news/business/wsj/news-markets-wsj,news-business,wsj,wsj - US Market News from the Wall Street Journal,2026-07-20T23:13,61,ok,https://feeds.content.dowjones.io/public/rss/RSSMarketsMain
data/news/economy/nyt/news-economy-nyt,news-economy,nyt,nyt - Economic News from the New York Times,2026-07-20T23:13,20,ok,https://rss.nytimes.com/services/xml/rss/nyt/Economy.xml
data/news/economy/wsj/news-economy-wsj,news-economy,wsj,wsj - US Economy News from the Wall Street Journal,2026-07-20T23:13,36,ok,https://feeds.content.dowjones.io/public/rss/socialeconomyfeed
data/news/europe/bbc/news-europe-bbc,news-europe,bbc,bbc - BBC News Europe,2026-07-20T23:13,27,ok,http://feeds.bbci.co.uk/news/world/europe/rss.xml
data/news/europe/dw/news-europe-dw,news-europe,dw,dw - Europe News from Deutsche Welle,2026-07-20T23:13,20,ok,https://rss.dw.com/rdf/rss-en-eu
data/news/europe/nyt/news-europe-nyt,news-europe,nyt,nyt - Europe News from the New York Times,2026-07-20T23:13,20,ok,https://rss.nytimes.com/services/xml/rss/nyt/Europe.xml
data/news/europe/toi/news-europe-toi,news-europe,toi,"toi - Europe News Headlines, Latest Europe News and Live Updates - Times of",2026-07-20T23:13,20,ok,http://timesofindia.indiatimes.com/rssfeeds/1898274.cms
data/news/latin-america/bbc/news-latin-america-bbc,news-latin-america,bbc,bbc - BBC News Latin America,2026-07-20T23:13,25,ok,http://feeds.bbci.co.uk/news/world/latin_america/rss.xml
data/news/middle-east/bbc/news-middle-east-bbc,news-middle-east,bbc,bbc - BBC News Middle East,2026-07-20T23:13,28,ok,http://feeds.bbci.co.uk/news/world/middle_east/rss.xml
data/news/middle-east/nyt/news-middle-east-nyt,news-middle-east,nyt,nyt - Middle East News from the New York Times,2026-07-20T23:13,46,ok,https://rss.nytimes.com/services/xml/rss/nyt/MiddleEast.xml
data/news/middle-east/toi/news-middle-east-toi,news-middle-east,toi,"toi - Gulf News, Latest Middle East News Headlines & Live News Updates - Times",2026-07-20T23:13,20,ok,http://timesofindia.indiatimes.com/rssfeeds/1898272.cms
data/news/politics/bbc/news-politics-bbc,news-politics,bbc,bbc - BBC News Politics,2026-07-20T23:13,65,ok,https://feeds.bbci.co.uk/news/politics/rss.xml
data/news/politics/cbc/news-politics-cbc,news-politics,cbc,cbc - CBC | Politics News,2026-07-20T23:13,20,ok,https://www.cbc.ca/webfeed/rss/rss-politics
data/news/politics/chitri/news-us-politics-chi-tribune,news-politics,chitri,chitri - US Politics News from the Chicago Tribune,2026-07-20T23:13,100,ok,"https://www.chicagotribune.com/wp-json/wp/v2/posts?categories=80&per_page=100&_fields=date_gmt,link,title"
data/news/politics/latimes/latimes-us-politics,news-politics,latimes,latimes - US Politics News from the Los Angeles Times,2026-07-20T23:13,98,ok,https://www.latimes.com/politics/rss2.0.xml
data/news/politics/nypost/news-us-politics-nypost,news-politics,nypost,nypost - US Politics News from the New York Post,2026-07-20T23:13,20,ok,https://nypost.com/politics/feed/
data/news/politics/nyt/news-us-politics-nyt,news-politics,nyt,nyt - US Politics News from the New York Times,2026-07-20T23:13,20,ok,https://rss.nytimes.com/services/xml/rss/nyt/Politics.xml
data/news/politics/wapo/news-us-politics-wapo,news-politics,wapo,wapo - US Politics News from the Washington Post,2026-07-20T23:13,5,ok,https://feeds.washingtonpost.com/rss/politics
data/news/politics/wsj/news-us-politics-wsj,news-politics,wsj,wsj - US Politics News from the Wall Street Journal,2026-07-20T23:13,21,ok,https://feeds.content.dowjones.io/public/rss/socialpoliticsfeed
data/news/top/dw/news-top-dw,news-top,dw,dw - Top News from Deutsche Welle,2026-07-20T23:13,138,ok,https://rss.dw.com/rdf/rss-en-all
data/news/us/48hills/news-us-48hills,news-us,48hills,48hills - News from 48 Hills,2026-07-20T23:13,10,ok,https://48hills.org/feed/
data/news/us/bbc/news-us-bbc,news-us,bbc,bbc - BBC News US & Canada,2026-07-20T23:13,25,ok,http://feeds.bbci.co.uk/news/world/us_and_canada/rss.xml
data/news/us/eltecolote/news-us-eltecolote,news-us,eltecolote,eltecolote - News from El Tecolote,2026-07-20T23:13,10,ok,https://eltecolote.org/content/en/feed/
data/news/us/latimes/latimes-us,news-us,latimes,latimes - US News from the Los Angeles Times,2026-07-20T23:13,97,ok,https://www.latimes.com/local/rss2.0.xml
data/news/us/missionlocal/news-us-missionlocal,news-us,missionlocal,missionlocal - News from Mission Local,2026-07-20T23:13,31,ok,https://missionlocal.org/feed/
data/news/us/nypost/news-us-nypost,news-us,nypost,nypost - US News from the New York Post,2026-07-20T23:13,20,ok,https://nypost.com/us-news/feed/
data/news/us/nyt/news-us-nyt,news-us,nyt,nyt - US News from the New York Times,2026-07-20T23:13,20,ok,https://rss.nytimes.com/services/xml/rss/nyt/US.xml
data/news/us/toi/news-us-toi,news-us,toi,toi - US News from the Times of India,2026-07-20T23:13,20,ok,https://timesofindia.indiatimes.com/rssfeeds_us/72258322.cms
data/news/us/wapo/news-us-wapo,news-us,wapo,wapo - US News from the Washington Post,2026-07-20T23:13,3,ok,http://feeds.washingtonpost.com/rss/national
data/news/us/wsj/news-us-wsj,news-us,wsj,wsj - US News from the Wall Street Journal,2026-07-20T23:13,40,ok,https://feeds.content.dowjones.io/public/rss/RSSUSNews
data/news/world/bbc/news-world-bbc,news-world,bbc,bbc - BBC News World,2026-07-20T23:13,44,ok,https://feeds.bbci.co.uk/news/world/rss.xml
data/news/world/cbc/news-world-cbc,news-world,cbc,cbc - CBC | World News,2026-07-20T23:13,20,ok,https://www.cbc.ca/webfeed/rss/rss-world
data/news/world/chitri/news-world-chi-tribune,news-world,chitri,chitri - Chicago News from the Chicago Tribune,2026-07-20T23:13,100,ok,"https://www.chicagotribune.com/wp-json/wp/v2/posts?categories=85&per_page=100&_fields=date_gmt,link,title"
data/news/world/dw/news-world-dw,news-world,dw,dw - World News from Deutsche Welle,2026-07-20T23:13,13,ok,https://rss.dw.com/rdf/rss-en-world
data/news/world/nypost/news-world-nypost,news-world,nypost,nypost - World News from the New York Post,2026-07-20T23:13,20,ok,https://nypost.com/world-news/feed/
data/news/world/nyt/news-world-nyt,news-world,nyt,nyt - World News from the New York Times,2026-07-20T23:13,55,ok,https://rss.nytimes.com/services/xml/rss/nyt/World.xml
data/news/world/toi/news-world-toi,news-world,toi,toi - World News from the Times of India,2026-07-20T23:13,20,ok,http://timesofindia.indiatimes.com/rssfeeds/296589292.cms
data/news/world/wapo/news-world-wapo,news-world,wapo,wapo - World News from the Washington Post,2026-07-20T23:13,3,ok,https://feeds.washingtonpost.com/rss/world
data/news/world/wsj/news-world-wsj,news-world,wsj,wsj - World News from the Wall Street Journal,2026-07-20T23:13,72,ok,https://feeds.content.dowjones.io/public/rss/RSSWorldNews
